{"options":{"check_for_updates":false,"comment":null,"compatopts_for_requires":true,"compat_wrappedjsobject":false,"compat_metadata":false,"compat_foreach":false,"compat_prototypes":false,"noframes":null,"run_at":null,"override":{"use_includes":[],"orig_includes":["*://172.16.1.3*","*://172.16.1.11*"],"merge_includes":true,"use_matches":[],"orig_matches":["http://172.16.1.3","http://172.16.1.3/?isReback=1"],"merge_matches":true,"use_excludes":[],"orig_excludes":[],"merge_excludes":true,"use_connects":[],"merge_connects":true,"use_blockers":[],"orig_run_at":"document-idle","orig_noframes":null,"orig_connects":[]}},"settings":{"enabled":true,"position":15},"meta":{"name":"科大校园网自动登录","uuid":"4242d8b3-da54-463b-b592-8cb5c259b1a3","modified":1623153043291}}